../ShapeDatabase_INFOMR/AircraftBuoyant/m1337.obj,AircraftBuoyant,201,340,"(340, 0)","[0.02500000037252903, 0.8892340064048767, 0.02500000037252903, 0.9750000238418579, 0.024910718202590942, 0.8891447186470032]"
../ShapeDatabase_INFOMR/AircraftBuoyant/m1338.obj,AircraftBuoyant,8761,16960,"(16960, 0)","[0.02500000037252903, 0.9330580234527588, 0.02500000037252903, 0.9750000238418579, 0.024907635524868965, 0.937808632850647]"
../ShapeDatabase_INFOMR/AircraftBuoyant/m1339.obj,AircraftBuoyant,1878,6173,"(6173, 0)","[0.02500000037252903, 0.6070719957351685, 0.02500000037252903, 0.9750000238418579, 0.024928869679570198, 0.6267408728599548]"
../ShapeDatabase_INFOMR/Apartment/D00045.obj,Apartment,14865,21021,"(21021, 0)","[-0.6131860017776489, 0.829026997089386, -0.7009149789810181, 0.7704150080680847, -0.5321436524391174, 0.35412633419036865]"
../ShapeDatabase_INFOMR/Apartment/D00086.obj,Apartment,20493,42064,"(42064, 0)","[-0.9208829998970032, 0.8631619811058044, -0.3434869945049286, 1.3248200416564941, -0.4156077206134796, 0.29374027252197266]"
../ShapeDatabase_INFOMR/Apartment/D00138.obj,Apartment,10827,21140,"(21140, 0)","[-0.7826820015907288, 0.7763389945030212, -0.5145350098609924, 0.6331570148468018, -0.3178904354572296, 0.19877755641937256]"
../ShapeDatabase_INFOMR/AquaticAnimal/m53.obj,AquaticAnimal,18409,34877,"(34877, 0)","[0.02500000037252903, 0.1633709967136383, 0.02500000037252903, 0.3487609922885895, 0.024952929466962814, 0.9749529361724854]"
../ShapeDatabase_INFOMR/AquaticAnimal/m54.obj,AquaticAnimal,18143,33836,"(33836, 0)","[0.02500000037252903, 0.2548989951610565, 0.02500000037252903, 0.37114301323890686, 0.024949131533503532, 0.9749491214752197]"
../ShapeDatabase_INFOMR/AquaticAnimal/m55.obj,AquaticAnimal,19505,37072,"(37072, 0)","[0.02500000037252903, 0.18151000142097473, 0.02500000037252903, 0.38014599680900574, 0.024951277300715446, 0.9749512672424316]"
../ShapeDatabase_INFOMR/Bed/D00031.obj,Bed,1867,3590,"(3590, 0)","[-0.6696659922599792, 0.9304260015487671, -0.7084630131721497, 0.7265340089797974, -0.2676234841346741, 0.3120725154876709]"
../ShapeDatabase_INFOMR/Bed/D00110.obj,Bed,1926,3644,"(3644, 0)","[-0.8888999819755554, 0.7522299885749817, -0.7184839844703674, 0.5245620012283325, -0.22012878954410553, 0.3395901918411255]"
../ShapeDatabase_INFOMR/Bed/D00121.obj,Bed,15368,24612,"(24612, 0)","[-0.9122830033302307, 0.7857900261878967, -0.5996689796447754, 0.8585039973258972, -0.48215770721435547, 0.463072270154953]"
../ShapeDatabase_INFOMR/Bicycle/D00016.obj,Bicycle,2769,5049,"(5049, 0)","[-0.9142990112304688, 0.9599549770355225, -0.4406200051307678, 0.8181830048561096, -0.21005235612392426, 0.17772963643074036]"
../ShapeDatabase_INFOMR/Bicycle/D00033.obj,Bicycle,2192,4448,"(4448, 0)","[-1.0651999711990356, 0.8787239789962769, -0.38930800557136536, 0.7046170234680176, -0.2817469835281372, 0.30989402532577515]"
../ShapeDatabase_INFOMR/Bicycle/D00040.obj,Bicycle,25426,50650,"(50650, 0)","[-0.9409700036048889, 0.9638239741325378, -0.45816200971603394, 0.74480801820755, -0.3177646994590759, 0.31547629833221436]"
../ShapeDatabase_INFOMR/Biplane/D00069.obj,Biplane,3242,6326,"(6326, 0)","[-1.063420057296753, 0.9051370024681091, -0.4468420147895813, 0.5534459948539734, -0.19895924627780914, 0.19962574541568756]"
../ShapeDatabase_INFOMR/Biplane/D00132.obj,Biplane,287,348,"(348, 0)","[-0.9488720297813416, 0.9473220109939575, -0.4167819917201996, 0.8526099920272827, -0.12942734360694885, 0.2553826570510864]"
../ShapeDatabase_INFOMR/Biplane/D00178.obj,Biplane,10942,8057,"(8057, 0)","[-0.8704569935798645, 0.48715299367904663, -0.4692020118236542, 0.5924450159072876, -0.17698372900485992, 0.12576426565647125]"
../ShapeDatabase_INFOMR/Bird/D00089.obj,Bird,233,462,"(462, 0)","[-1.1640100479125977, 0.7851189970970154, -0.5626230239868164, 0.5078579783439636, -0.31493330001831055, 0.15465569496154785]"
../ShapeDatabase_INFOMR/Bird/D00113.obj,Bird,15871,31702,"(31702, 0)","[-0.9897810220718384, 0.7296760082244873, -0.5657780170440674, 0.9571809768676758, -0.5580987930297852, 0.6024752259254456]"
../ShapeDatabase_INFOMR/Bird/D00164.obj,Bird,8188,16135,"(16135, 0)","[-0.6923779845237732, 1.1895300149917603, -0.49835100769996643, 0.5985239744186401, -0.4010041654109955, 0.10559982061386108]"
../ShapeDatabase_INFOMR/Bookset/D01009.obj,Bookset,444,3156,"(3156, 0)","[0.0, 0.41999998688697815, 0.0, 0.25999999046325684, -3.166666647302918e-05, 0.26996833086013794]"
../ShapeDatabase_INFOMR/Bookset/D01013.obj,Bookset,320,816,"(816, 0)","[-0.05071200057864189, 0.2151940017938614, 0.20768600702285767, 0.6656129956245422, -3.345443474245258e-05, 0.2797665596008301]"
../ShapeDatabase_INFOMR/Bookset/D01030.obj,Bookset,208,1152,"(1152, 0)","[0.0, 0.4217210114002228, 0.0, 0.3069339990615845, -3.5870900319423527e-05, 0.3474361300468445]"
../ShapeDatabase_INFOMR/Bottle/D00020.obj,Bottle,971,1710,"(1710, 0)","[-0.7900260090827942, 0.8825179934501648, -0.21485500037670135, 0.22175399959087372, -0.22928637266159058, 0.19272662699222565]"
../ShapeDatabase_INFOMR/Bottle/D00123.obj,Bottle,1067,2044,"(2044, 0)","[-0.7859979867935181, 0.7814720273017883, -0.27264100313186646, 0.12264099717140198, -0.18872155249118805, 0.17503045499324799]"
../ShapeDatabase_INFOMR/Bottle/D00139.obj,Bottle,2452,4860,"(4860, 0)","[-0.9180610179901123, 0.7282159924507141, -0.21190600097179413, 0.1931139975786209, -0.1947936713695526, 0.2039143294095993]"
../ShapeDatabase_INFOMR/BuildingNonResidential/m382.obj,BuildingNonResidential,252,400,"(400, 0)","[0.02500000037252903, 0.9448170065879822, 0.02500000037252903, 0.6706410050392151, 0.02491615153849125, 0.9749161601066589]"
../ShapeDatabase_INFOMR/BuildingNonResidential/m383.obj,BuildingNonResidential,2328,4460,"(4460, 0)","[0.02500000037252903, 0.6332799792289734, 0.02500000037252903, 0.9750000238418579, 0.024929286912083626, 0.5880643129348755]"
../ShapeDatabase_INFOMR/BuildingNonResidential/m384.obj,BuildingNonResidential,2984,4686,"(4686, 0)","[0.02500000037252903, 0.9750000238418579, 0.02500000037252903, 0.289902001619339, 0.024931300431489944, 0.8710172772407532]"
../ShapeDatabase_INFOMR/Bus/D00084.obj,Bus,12919,75870,"(75870, 0)","[-1.2716599702835083, 4.248469829559326, -10.355899810791016, 14.730500221252441, -0.039784062653779984, 6.70558500289917]"
../ShapeDatabase_INFOMR/Bus/D00114.obj,Bus,7643,53259,"(53259, 0)","[-2.4060900614131242e-05, 6.8543701171875, 0.029970500618219376, 2.2792398929595947, -0.000433377455919981, 3.897226572036743]"
../ShapeDatabase_INFOMR/Bus/D00151.obj,Bus,9415,54282,"(54282, 0)","[2.48649001121521, 5.832210063934326, 0.19132600724697113, 13.461400032043457, 0.006939483340829611, 4.197246551513672]"
../ShapeDatabase_INFOMR/Car/D00168.obj,Car,4999,8157,"(8157, 0)","[-1.0756800174713135, 0.8175780177116394, -0.29797300696372986, 0.4230479896068573, -0.32617756724357605, 0.31694743037223816]"
../ShapeDatabase_INFOMR/Car/D00236.obj,Car,26709,45234,"(45234, 0)","[-1.0796799659729004, 0.8077840209007263, -0.4123170077800751, 0.4830850064754486, -0.44334423542022705, 0.5307117700576782]"
../ShapeDatabase_INFOMR/Car/D00260.obj,Car,38335,57440,"(57440, 0)","[-1.0268700122833252, 0.9045370221138, -0.42430201172828674, 0.6255670189857483, -0.5419139266014099, 0.40507104992866516]"
../ShapeDatabase_INFOMR/Cellphone/D00018.obj,Cellphone,14103,26960,"(26960, 0)","[-1.2175179719924927, 0.6478099822998047, -0.4506460130214691, 0.30505698919296265, -0.2660706639289856, 0.2529173195362091]"
../ShapeDatabase_INFOMR/Cellphone/D00032.obj,Cellphone,3500,2481,"(2481, 0)","[-0.6176630258560181, 1.0028400421142578, -0.443574994802475, 0.32263699173927307, -0.10702511668205261, 0.17971988022327423]"
../ShapeDatabase_INFOMR/Cellphone/D00079.obj,Cellphone,20212,36972,"(36972, 0)","[-0.9365479946136475, 1.0205999612808228, -0.40579500794410706, 0.370963990688324, -0.33416470885276794, 0.10286430269479752]"
../ShapeDatabase_INFOMR/Chess/D01017.obj,Chess,380,756,"(756, 0)","[-0.1925709992647171, 0.2519589960575104, -0.13934600353240967, 0.13949799537658691, -0.14149154722690582, 0.14154145121574402]"
../ShapeDatabase_INFOMR/Chess/D01019.obj,Chess,416,828,"(828, 0)","[0.02500000037252903, 0.44467100501060486, 0.02500000037252903, 0.9750000238418579, 0.024940356612205505, 0.4445893466472626]"
../ShapeDatabase_INFOMR/Chess/D01021.obj,Chess,1474,2944,"(2944, 0)","[0.02500000037252903, 0.9750000238418579, 0.02500000037252903, 0.512054979801178, 0.02493586391210556, 0.5119908452033997]"
../ShapeDatabase_INFOMR/City/D01001.obj,City,6645,7853,"(7853, 0)","[0.02500000037252903, 0.9750000238418579, 0.02500000037252903, 0.2302670031785965, 0.024940956383943558, 0.6409889459609985]"
../ShapeDatabase_INFOMR/City/D01007.obj,City,3163,3119,"(3119, 0)","[0.048424698412418365, 0.9750000238418579, 0.02500000037252903, 0.3627859950065613, 0.0249378252774477, 0.6257948279380798]"
../ShapeDatabase_INFOMR/City/D01010.obj,City,1049,1948,"(1948, 0)","[0.02500000037252903, 0.7535169720649719, 0.02500000037252903, 0.3444029986858368, 0.024933403357863426, 0.974933385848999]"
../ShapeDatabase_INFOMR/ClassicPiano/D00005.obj,ClassicPiano,626,3708,"(3708, 0)","[1.048408031463623, 2.2514030933380127, -0.023756999522447586, 1.4543930292129517, -0.00013950563152320683, 1.5038845539093018]"
../ShapeDatabase_INFOMR/ClassicPiano/D00009.obj,ClassicPiano,2027,11958,"(11958, 0)","[-0.818664014339447, 0.8011630177497864, -1.3057270050048828, 1.502256989479065, 0.00223370804451406, 1.7631787061691284]"
../ShapeDatabase_INFOMR/ClassicPiano/D00034.obj,ClassicPiano,1611,10902,"(10902, 0)","[0.43522199988365173, 12.699999809265137, -0.15240000188350677, 11.055350303649902, -0.0009249603026546538, 4.275355815887451]"
../ShapeDatabase_INFOMR/Computer/D01002.obj,Computer,2591,5109,"(5109, 0)","[0.02500000037252903, 0.9750000238418579, 0.02500000037252903, 0.6486020088195801, 0.02492605149745941, 0.6698060631752014]"
../ShapeDatabase_INFOMR/Computer/D01023.obj,Computer,11463,20749,"(20749, 0)","[-79.18440246582031, 100.8239974975586, -123.93699645996094, 291.25299072265625, -240.29495239257812, 213.1040496826172]"
../ShapeDatabase_INFOMR/Computer/D01026.obj,Computer,396,760,"(760, 0)","[0.02500000037252903, 0.9750000238418579, 0.02500000037252903, 0.6988540291786194, 0.024915019050240517, 0.9504809975624084]"
../ShapeDatabase_INFOMR/ComputerKeyboard/D00116.obj,ComputerKeyboard,805,4113,"(4113, 0)","[-25.357200622558594, -7.590179920196533, -9.097649574279785, -3.7890501022338867, -0.47069239616394043, 0.22567060589790344]"
../ShapeDatabase_INFOMR/ComputerKeyboard/D00127.obj,ComputerKeyboard,706,3360,"(3360, 0)","[0.0, 0.11429999768733978, 0.0, 0.43814998865127563, -1.96262335521169e-05, 0.0363173745572567]"
../ShapeDatabase_INFOMR/ComputerKeyboard/D00197.obj,ComputerKeyboard,6987,38268,"(38268, 0)","[1.377079963684082, 6.047080039978027, 2.1819698810577393, 3.8647100925445557, 1.0074466466903687, 1.355596661567688]"
../ShapeDatabase_INFOMR/Cup/D00035.obj,Cup,235,884,"(884, 0)","[-1.2001099586486816, 0.7412750124931335, -1.0092300176620483, 0.9330180287361145, -0.8017338514328003, 0.7698701620101929]"
../ShapeDatabase_INFOMR/Cup/D00067.obj,Cup,353,702,"(702, 0)","[-0.9448760151863098, 0.694881021976471, -0.249331995844841, 0.4652099907398224, -0.35377001762390137, 0.32240498065948486]"
../ShapeDatabase_INFOMR/Cup/D00174.obj,Cup,12252,24500,"(24500, 0)","[-0.845196008682251, 0.6766989827156067, -0.3269929885864258, 0.6249650120735168, -0.47689223289489746, 0.4760317802429199]"
../ShapeDatabase_INFOMR/DeskLamp/D00048.obj,DeskLamp,4189,6976,"(6976, 0)","[-1.1276899576187134, 0.6057000160217285, -0.5811160206794739, 0.6662920117378235, -0.6309327483177185, 0.7311492562294006]"
../ShapeDatabase_INFOMR/DeskLamp/D00090.obj,DeskLamp,6516,11216,"(11216, 0)","[-0.875, 0.7351970076560974, -0.6866179704666138, 0.7818149924278259, -0.2962598204612732, 0.309527188539505]"
../ShapeDatabase_INFOMR/DeskLamp/D00147.obj,DeskLamp,503,836,"(836, 0)","[-0.7252280116081238, 0.9625179767608643, -0.4070430099964142, 0.45221400260925293, -0.17121373116970062, 0.18377827107906342]"
../ShapeDatabase_INFOMR/DeskPhone/D00118.obj,DeskPhone,12443,21950,"(21950, 0)","[-0.7757239937782288, 0.8978989720344543, -0.727948009967804, 0.5917519927024841, -0.22018440067768097, 0.21864259243011475]"
../ShapeDatabase_INFOMR/DeskPhone/D00135.obj,DeskPhone,531,848,"(848, 0)","[-0.8473219871520996, 0.8843039870262146, -0.5330929756164551, 0.7656369805335999, -0.21083982288837433, 0.1436481773853302]"
../ShapeDatabase_INFOMR/DeskPhone/D00154.obj,DeskPhone,17247,22944,"(22944, 0)","[-0.6331790089607239, 0.9677450060844421, -0.6371060013771057, 0.4290499985218048, -0.13175085186958313, 0.10685114562511444]"
../ShapeDatabase_INFOMR/Door/D01005.obj,Door,6044,11464,"(11464, 0)","[0.02500000037252903, 0.4339599907398224, 0.02500000037252903, 0.9750000238418579, 0.024952687323093414, 0.08538518846035004]"
../ShapeDatabase_INFOMR/Door/D01029.obj,Door,456,894,"(894, 0)","[0.02500000037252903, 0.5452529788017273, 0.02500000037252903, 0.9750000238418579, 0.0249424260109663, 0.281887412071228]"
../ShapeDatabase_INFOMR/Door/D01052.obj,Door,676,1314,"(1314, 0)","[0.02500000037252903, 0.1888670027256012, 0.02500000037252903, 0.9750000238418579, 0.024946914985775948, 0.5036119222640991]"
../ShapeDatabase_INFOMR/Drum/D00026.obj,Drum,5506,32619,"(32619, 0)","[-0.16276200115680695, 0.16443100571632385, -0.17166399955749512, 0.1500609964132309, -0.0012601710623130202, 0.7049548029899597]"
../ShapeDatabase_INFOMR/Drum/D00063.obj,Drum,1800,7752,"(7752, 0)","[0.8222569823265076, 1.577929973602295, 0.45409199595451355, 1.2097699642181396, -0.017550261691212654, 1.0889427661895752]"
../ShapeDatabase_INFOMR/Drum/D00115.obj,Drum,36,204,"(204, 0)","[0.5382480025291443, 1.7513619661331177, -0.41518598794937134, 0.6859890222549438, -0.27143844962120056, 0.427838534116745]"
../ShapeDatabase_INFOMR/Fish/D00012.obj,Fish,4240,6966,"(6966, 0)","[-1.0551799535751343, 0.7133820056915283, -0.3913689851760864, 0.3932049870491028, -0.33398428559303284, 0.3018606901168823]"
../ShapeDatabase_INFOMR/Fish/D00022.obj,Fish,3912,6524,"(6524, 0)","[-1.1357200145721436, 0.6867730021476746, -0.3725129961967468, 0.440885990858078, -0.25357234477996826, 0.2411816418170929]"
../ShapeDatabase_INFOMR/Fish/D00024.obj,Fish,3952,6672,"(6672, 0)","[-1.102370023727417, 0.6791449785232544, -0.25495800375938416, 0.31252598762512207, -0.27234578132629395, 0.2521072328090668]"
../ShapeDatabase_INFOMR/FloorLamp/D00028.obj,FloorLamp,871,1376,"(1376, 0)","[-0.5120660066604614, 0.8574429750442505, -0.27407899498939514, 0.45450499653816223, -0.3581482172012329, 0.37050577998161316]"
../ShapeDatabase_INFOMR/FloorLamp/D00093.obj,FloorLamp,3756,7472,"(7472, 0)","[-0.5703330039978027, 0.5234270095825195, -0.5737329721450806, 0.5210130214691162, -0.5451316833496094, 1.037034273147583]"
../ShapeDatabase_INFOMR/FloorLamp/D00186.obj,FloorLamp,7694,15316,"(15316, 0)","[-0.6259379982948303, 0.9800220131874084, -0.5078750252723694, 0.5422009825706482, -0.5205085277557373, 0.5296564698219299]"
../ShapeDatabase_INFOMR/Glasses/D00050.obj,Glasses,6852,11300,"(11300, 0)","[-0.7314170002937317, 0.5701850056648254, -0.34970200061798096, 0.9313120245933533, -0.15629595518112183, 0.16977804899215698]"
../ShapeDatabase_INFOMR/Glasses/D00201.obj,Glasses,6519,12656,"(12656, 0)","[-0.48777300119400024, 0.6395879983901978, -0.49874699115753174, 0.5552359819412231, -0.2131279557943344, 0.21421504020690918]"
../ShapeDatabase_INFOMR/Glasses/D00225.obj,Glasses,1524,3000,"(3000, 0)","[-0.5410969853401184, 0.6805980205535889, -0.5336120128631592, 0.6234999895095825, -0.17489153146743774, 0.13203448057174683]"
../ShapeDatabase_INFOMR/Guitar/D00023.obj,Guitar,3655,7019,"(7019, 0)","[-0.7962319850921631, 0.7514860033988953, -0.2624970078468323, 0.2747899889945984, -0.0545019768178463, 0.10984902083873749]"
../ShapeDatabase_INFOMR/Guitar/D00041.obj,Guitar,28373,50370,"(50370, 0)","[-0.9545159935951233, 0.4644930064678192, -0.18076999485492706, 0.20031799376010895, -0.04021625220775604, 0.027307745069265366]"
../ShapeDatabase_INFOMR/Guitar/D00076.obj,Guitar,8889,17465,"(17465, 0)","[-0.7502769827842712, 0.8050100207328796, -0.2677780091762543, 0.30399200320243835, -0.03379388898611069, 0.05579311028122902]"
../ShapeDatabase_INFOMR/Gun/D00103.obj,Gun,1931,1654,"(1654, 0)","[-0.7956719994544983, 0.7766029834747314, -0.4536060094833374, 0.4344559907913208, -0.09643726795911789, 0.1513357311487198]"
../ShapeDatabase_INFOMR/Gun/D00137.obj,Gun,5308,10332,"(10332, 0)","[-1.0474300384521484, 0.7963709831237793, -0.3621790111064911, 0.40596500039100647, -0.11289731413125992, 0.10452669113874435]"
../ShapeDatabase_INFOMR/Gun/D00140.obj,Gun,4462,8734,"(8734, 0)","[-1.0171799659729004, 0.8346840143203735, -0.32942599058151245, 0.33998000621795654, -0.12686488032341003, 0.10806512832641602]"
../ShapeDatabase_INFOMR/Hand/D01006.obj,Hand,7929,15855,"(15855, 0)","[0.02500000037252903, 0.5761290192604065, 0.02500000037252903, 0.9750000238418579, 0.024928294122219086, 0.6749882698059082]"
../ShapeDatabase_INFOMR/Hand/D01020.obj,Hand,8524,17044,"(17044, 0)","[-0.39220499992370605, 0.3247630000114441, -0.7161880135536194, 0.9781709909439087, -0.32169827818870544, 0.4250107407569885]"
../ShapeDatabase_INFOMR/Hand/D01022.obj,Hand,799,1710,"(1710, 0)","[0.02500000037252903, 0.9750000238418579, 0.02500000037252903, 0.3991200029850006, 0.024939294904470444, 0.5219773054122925]"
../ShapeDatabase_INFOMR/Hat/m1627.obj,Hat,1009,1998,"(1998, 0)","[0.02500000037252903, 0.9750000238418579, 0.02500000037252903, 0.46236100792884827, 0.02493158169090748, 0.690134584903717]"
../ShapeDatabase_INFOMR/Hat/m1628.obj,Hat,958,1500,"(1500, 0)","[0.02500000037252903, 0.7907909750938416, 0.02500000037252903, 0.5555149912834167, 0.024925123900175095, 0.9749251008033752]"
../ShapeDatabase_INFOMR/Hat/m1629.obj,Hat,2388,4284,"(4284, 0)","[0.02500000037252903, 0.7296209931373596, 0.02500000037252903, 0.44812899827957153, 0.024930741637945175, 0.9749307632446289]"
../ShapeDatabase_INFOMR/Helicopter/D00038.obj,Helicopter,13309,25129,"(25129, 0)","[-0.8520609736442566, 1.0007599592208862, -0.3258430063724518, 0.18362300097942352, -0.19862866401672363, 0.12901434302330017]"
../ShapeDatabase_INFOMR/Helicopter/D00191.obj,Helicopter,4498,8476,"(8476, 0)","[-0.9200969934463501, 0.7465140223503113, -0.6237099766731262, 0.7314720153808594, -0.2583095133304596, 0.3350434899330139]"
../ShapeDatabase_INFOMR/Helicopter/D00361.obj,Helicopter,27062,51403,"(51403, 0)","[-0.8904809951782227, 0.8622109889984131, -0.648252010345459, 0.7476480007171631, -0.28168997168540955, 0.19847403466701508]"
../ShapeDatabase_INFOMR/House/D00001.obj,House,46622,90161,"(90161, 0)","[-0.7259830236434937, 1.0082999467849731, -0.9893379807472229, 0.7531589865684509, -0.5421886444091797, 0.44010037183761597]"
../ShapeDatabase_INFOMR/House/D00044.obj,House,10202,19412,"(19412, 0)","[-0.7085829973220825, 0.9321770071983337, -0.6989160180091858, 0.9935060143470764, -0.48876744508743286, 0.481330543756485]"
../ShapeDatabase_INFOMR/House/D00091.obj,House,617,768,"(768, 0)","[-1.130910038948059, 0.5424100160598755, -0.7420369982719421, 0.5683000087738037, -0.3485705256462097, 0.7032634615898132]"
../ShapeDatabase_INFOMR/HumanHead/D00013.obj,HumanHead,5244,30981,"(30981, 0)","[-3.8057401180267334, -1.6852400302886963, -0.9056689739227295, 1.5712800025939941, 15.17994213104248, 18.308542251586914]"
../ShapeDatabase_INFOMR/HumanHead/D00061.obj,HumanHead,5119,13146,"(13146, 0)","[2.837739944458008, 7.703609943389893, 3.5615100860595703, 5.433070182800293, 1.2768971920013428, 12.924386978149414]"
../ShapeDatabase_INFOMR/HumanHead/D00072.obj,HumanHead,5284,31161,"(31161, 0)","[-1.9750399589538574, -0.28024598956108093, -0.9509310126304626, 0.9170719981193542, 0.004571512341499329, 2.4264004230499268]"
../ShapeDatabase_INFOMR/Humanoid/m118.obj,Humanoid,472,888,"(888, 0)","[0.02500000037252903, 0.28393301367759705, 0.02500000037252903, 0.9750000238418579, 0.02495396137237549, 0.1971779614686966]"
../ShapeDatabase_INFOMR/Humanoid/m119.obj,Humanoid,450,837,"(837, 0)","[0.02500000037252903, 0.2752789855003357, 0.02500000037252903, 0.9750000238418579, 0.024953600019216537, 0.2166745960712433]"
../ShapeDatabase_INFOMR/Humanoid/m120.obj,Humanoid,467,870,"(870, 0)","[0.02500000037252903, 0.2723959982395172, 0.02500000037252903, 0.9750000238418579, 0.024953490123152733, 0.22282849252223969]"
../ShapeDatabase_INFOMR/Insect/D00081.obj,Insect,313,578,"(578, 0)","[-0.8751909732818604, 0.8691779971122742, -0.3506450057029724, 1.0442999601364136, -0.35035985708236694, 0.22576215863227844]"
../ShapeDatabase_INFOMR/Insect/D00082.obj,Insect,7162,12876,"(12876, 0)","[-0.590599000453949, 0.938289999961853, -0.8350459933280945, 0.8015459775924683, -0.34420403838157654, 0.45181694626808167]"
../ShapeDatabase_INFOMR/Insect/D00102.obj,Insect,2572,5046,"(5046, 0)","[-0.8868029713630676, 0.8134729862213135, -0.5789099931716919, 0.5497099757194519, -0.4698646664619446, 0.6216753125190735]"
../ShapeDatabase_INFOMR/Jet/m1147.obj,Jet,1149,2320,"(2320, 0)","[0.02500000037252903, 0.9750000238418579, 0.02500000037252903, 0.3313100039958954, 0.0249294675886631, 0.8846014738082886]"
../ShapeDatabase_INFOMR/Jet/m1149.obj,Jet,3003,5874,"(5874, 0)","[0.02500000037252903, 0.9750000238418579, 0.02500000037252903, 0.3056339919567108, 0.02493416890501976, 0.7692311406135559]"
../ShapeDatabase_INFOMR/Jet/m1150.obj,Jet,622,1228,"(1228, 0)","[0.02500000037252903, 0.7432559728622437, 0.02500000037252903, 0.2012380063533783, 0.024938516318798065, 0.9749385118484497]"
../ShapeDatabase_INFOMR/Knife/D01015.obj,Knife,886,6330,"(6330, 0)","[-0.15774500370025635, 0.9664480090141296, -0.6628730297088623, 2.6678929328918457, -0.019201461225748062, 0.06969853490591049]"
../ShapeDatabase_INFOMR/Knife/D01025.obj,Knife,208,1314,"(1314, 0)","[1.7749110460281372, 11.11461067199707, 7.311092853546143, 9.347743034362793, -0.40298888087272644, 0.6371111273765564]"
../ShapeDatabase_INFOMR/Knife/D01032.obj,Knife,560,3336,"(3336, 0)","[-0.11299999803304672, 0.2488349974155426, -0.0122060002759099, 0.008205999620258808, -1.45786671055248e-05, 0.05509842187166214]"
../ShapeDatabase_INFOMR/MilitaryVehicle/D00017.obj,MilitaryVehicle,27719,49148,"(49148, 0)","[-0.8362399935722351, 0.7074049711227417, -0.48663800954818726, 0.5921289920806885, -0.3076731860637665, 0.25589480996131897]"
../ShapeDatabase_INFOMR/MilitaryVehicle/D00051.obj,MilitaryVehicle,855,1624,"(1624, 0)","[-1.1700199842453003, 0.696291983127594, -0.6080589890480042, 0.7321670055389404, -0.5136893391609192, 0.3406946361064911]"
../ShapeDatabase_INFOMR/MilitaryVehicle/D00100.obj,MilitaryVehicle,3225,5588,"(5588, 0)","[-0.963919997215271, 0.7312489748001099, -0.5367019772529602, 0.5473870038986206, -0.7055642604827881, 0.6023287773132324]"
../ShapeDatabase_INFOMR/Monitor/D00007.obj,Monitor,1552,2568,"(2568, 0)","[-1.0474400520324707, 0.8275420069694519, -0.9810659885406494, 0.7753559947013855, -0.44613954424858093, 0.2886894643306732]"
../ShapeDatabase_INFOMR/Monitor/D00141.obj,Monitor,1712,3200,"(3200, 0)","[-0.6330220103263855, 0.995261013507843, -0.7973769903182983, 0.9650539755821228, -0.48732712864875793, 0.2661638557910919]"
../ShapeDatabase_INFOMR/Monitor/D00229.obj,Monitor,2929,4986,"(4986, 0)","[-0.5694869756698608, 1.0061899423599243, -0.8073059916496277, 0.6350250244140625, -0.42353659868240356, 0.3864583969116211]"
../ShapeDatabase_INFOMR/Monoplane/D00011.obj,Monoplane,597,1032,"(1032, 0)","[-1.04298996925354, 0.7595310211181641, -0.9846349954605103, 1.001710057258606, -0.2554958462715149, 0.21078616380691528]"
../ShapeDatabase_INFOMR/Monoplane/D00019.obj,Monoplane,837,1578,"(1578, 0)","[-1.052109956741333, 0.7200019955635071, -0.9683759808540344, 0.9978280067443848, -0.14285334944725037, 0.20932964980602264]"
../ShapeDatabase_INFOMR/Monoplane/D00043.obj,Monoplane,338,556,"(556, 0)","[-0.983905017375946, 0.780938982963562, -0.8922290205955505, 0.8867869973182678, -0.13784106075763702, 0.31029394268989563]"
../ShapeDatabase_INFOMR/Motorcycle/D00021.obj,Motorcycle,9543,18238,"(18238, 0)","[-0.7822740077972412, 0.963886022567749, -0.599835991859436, 0.5895699858665466, -0.4462680220603943, 0.3387719690799713]"
../ShapeDatabase_INFOMR/Motorcycle/D00039.obj,Motorcycle,18315,36384,"(36384, 0)","[-0.8733760118484497, 0.850259006023407, -0.6986340284347534, 0.5621269941329956, -0.3652881681919098, 0.37534183263778687]"
../ShapeDatabase_INFOMR/Motorcycle/D00054.obj,Motorcycle,5300,9454,"(9454, 0)","[-0.8185639977455139, 0.9287970066070557, -0.5212960243225098, 0.7659059762954712, -0.16643792390823364, 0.7567980885505676]"
../ShapeDatabase_INFOMR/Mug/D00172.obj,Mug,1800,3440,"(3440, 0)","[-0.6333019733428955, 1.0380500555038452, -0.9040279984474182, 0.6317200064659119, -0.5901939868927002, 0.5824390053749084]"
../ShapeDatabase_INFOMR/Mug/D00202.obj,Mug,37360,74720,"(74720, 0)","[-0.9114789962768555, 0.6229609847068787, -0.7877690196037292, 0.9366269707679749, -0.5085778832435608, 0.6683761477470398]"
../ShapeDatabase_INFOMR/Mug/D00227.obj,Mug,19611,38444,"(38444, 0)","[-0.7942529916763306, 0.839443027973175, -0.7592520117759705, 0.8188920021057129, -0.8476153612136841, 0.5113796591758728]"
../ShapeDatabase_INFOMR/MultiSeat/D00036.obj,MultiSeat,144,264,"(264, 0)","[-0.8328570127487183, 0.8800150156021118, -0.4760890007019043, 0.7004370093345642, -0.5728688836097717, 0.4640081226825714]"
../ShapeDatabase_INFOMR/MultiSeat/D00046.obj,MultiSeat,1191,2354,"(2354, 0)","[-1.0879499912261963, 0.6656820178031921, -0.8048880100250244, 0.7027639746665955, -0.5329920649528503, 0.6481449007987976]"
../ShapeDatabase_INFOMR/MultiSeat/D00053.obj,MultiSeat,3214,2964,"(2964, 0)","[-1.0351500511169434, 0.7848860025405884, -0.4209449887275696, 0.488523006439209, -0.4255508482456207, 0.35035014152526855]"
../ShapeDatabase_INFOMR/Musical_Instrument/m625.obj,Musical_Instrument,3655,7019,"(7019, 0)","[0.02500000037252903, 0.9750000238418579, 0.02500000037252903, 0.35284000635147095, 0.024954959750175476, 0.09832395613193512]"
../ShapeDatabase_INFOMR/Musical_Instrument/m626.obj,Musical_Instrument,4500,8660,"(8660, 0)","[0.02500000037252903, 0.9750000238418579, 0.02500000037252903, 0.640330970287323, 0.024945836514234543, 0.08452383428812027]"
../ShapeDatabase_INFOMR/Musical_Instrument/m627.obj,Musical_Instrument,7445,13529,"(13529, 0)","[0.02500000037252903, 0.3565810024738312, 0.02500000037252903, 0.9750000238418579, 0.02495507150888443, 0.09124606847763062]"
../ShapeDatabase_INFOMR/NonWheelChair/D00037.obj,NonWheelChair,2936,5336,"(5336, 0)","[-0.9236699938774109, 0.7600880265235901, -0.9477779865264893, 0.7382100224494934, -0.5943424105644226, 0.5784245729446411]"
../ShapeDatabase_INFOMR/NonWheelChair/D00101.obj,NonWheelChair,10766,20160,"(20160, 0)","[-0.71977299451828, 0.9810609817504883, -0.5184720158576965, 0.3423730134963989, -0.621426522731781, 0.3433384597301483]"
../ShapeDatabase_INFOMR/NonWheelChair/D00170.obj,NonWheelChair,678,1266,"(1266, 0)","[-1.00068998336792, 0.8711150288581848, -0.49629199504852295, 0.6957100033760071, -0.6195372343063354, 0.643115758895874]"
../ShapeDatabase_INFOMR/PianoBoard/D00008.obj,PianoBoard,2078,12900,"(12900, 0)","[2.4806931018829346, 3.2079579830169678, 0.9160810112953186, 2.2984750270843506, -0.00010213063069386408, 0.9541578888893127]"
../ShapeDatabase_INFOMR/PianoBoard/D00065.obj,PianoBoard,1178,6072,"(6072, 0)","[0.177388995885849, 0.5463889837265015, 0.16510699689388275, 2.73410701751709, -0.00013116667105350643, 0.9968688488006592]"
../ShapeDatabase_INFOMR/PianoBoard/D00075.obj,PianoBoard,1309,7779,"(7779, 0)","[0.9071599841117859, 3.088650941848755, 1.5570770502090454, 2.6389338970184326, -0.0001583172270329669, 1.4860106706619263]"
../ShapeDatabase_INFOMR/PlantIndoors/D00049.obj,PlantIndoors,78288,26096,"(26096, 0)","[-0.5892320275306702, 1.0132700204849243, -0.5124409794807434, 1.1541800498962402, -0.6619341969490051, 0.6641388535499573]"
../ShapeDatabase_INFOMR/PlantIndoors/D00073.obj,PlantIndoors,49944,16648,"(16648, 0)","[-0.8933349847793579, 0.7655580043792725, -0.5335670113563538, 0.6743370294570923, -0.4979606568813324, 0.5249743461608887]"
../ShapeDatabase_INFOMR/PlantIndoors/D00080.obj,PlantIndoors,64127,34887,"(34887, 0)","[-1.098520040512085, 0.8273190259933472, -0.8359330296516418, 0.7070090174674988, -0.8484121561050415, 0.6970358490943909]"
../ShapeDatabase_INFOMR/PlantWildNonTree/m1052.obj,PlantWildNonTree,342,186,"(186, 0)","[0.02500000037252903, 0.9750000238418579, 0.02500000037252903, 0.9289079904556274, 0.0249085184186697, 0.9154425263404846]"
../ShapeDatabase_INFOMR/PlantWildNonTree/m961.obj,PlantWildNonTree,6513,9427,"(9427, 0)","[0.02500000037252903, 0.9750000238418579, 0.02500000037252903, 0.5932750105857849, 0.024920465424656868, 0.8926994800567627]"
../ShapeDatabase_INFOMR/PlantWildNonTree/m962.obj,PlantWildNonTree,15136,19104,"(19104, 0)","[0.02500000037252903, 0.9750000238418579, 0.02500000037252903, 0.9147109985351562, 0.024907410144805908, 0.9628674387931824]"
../ShapeDatabase_INFOMR/Quadruped/D00111.obj,Quadruped,2315,4574,"(4574, 0)","[-0.7402979731559753, 0.9672499895095825, -0.5094010233879089, 0.46230998635292053, -0.27912765741348267, 0.3011283576488495]"
../ShapeDatabase_INFOMR/Quadruped/D00150.obj,Quadruped,24936,23530,"(23530, 0)","[-0.8583040237426758, 0.9191629886627197, -0.6906430125236511, 0.5739730000495911, -0.3225708603858948, 0.3811831474304199]"
../ShapeDatabase_INFOMR/Quadruped/D00218.obj,Quadruped,3666,7040,"(7040, 0)","[-0.7465999722480774, 1.090749979019165, -0.5242149829864502, 0.5184509754180908, -0.2698184847831726, 0.3745875060558319]"
../ShapeDatabase_INFOMR/RectangleTable/D00134.obj,RectangleTable,224,422,"(422, 0)","[-0.7062060236930847, 0.7281550168991089, -0.36907899379730225, 0.4853540062904358, -0.10054624825716019, 0.6180107593536377]"
../ShapeDatabase_INFOMR/RectangleTable/D00187.obj,RectangleTable,2136,3688,"(3688, 0)","[-0.5639119744300842, 0.6860899925231934, -0.24951499700546265, 0.8316469788551331, -0.2735861539840698, 0.28028082847595215]"
../ShapeDatabase_INFOMR/RectangleTable/D00188.obj,RectangleTable,240,120,"(120, 0)","[-0.7438589930534363, 1.1586300134658813, -0.6118649840354919, 0.4778609871864319, -0.2745344638824463, 0.4968235492706299]"
../ShapeDatabase_INFOMR/Rocket/D00015.obj,Rocket,88,156,"(156, 0)","[-0.37626099586486816, 1.1706700325012207, -0.19414499402046204, 0.23252099752426147, -0.20771701633930206, 0.21895499527454376]"
../ShapeDatabase_INFOMR/Rocket/D00343.obj,Rocket,1053,2008,"(2008, 0)","[-0.6388019919395447, 0.9383959770202637, -0.19231100380420685, 0.19690600037574768, -0.19816850125789642, 0.19064849615097046]"
../ShapeDatabase_INFOMR/Rocket/D00346.obj,Rocket,1508,2904,"(2904, 0)","[-1.0173499584197998, 0.4250720143318176, -0.1781339943408966, 0.16742900013923645, -0.17682506144046783, 0.16713693737983704]"
../ShapeDatabase_INFOMR/RoundTable/D00083.obj,RoundTable,1072,2040,"(2040, 0)","[-0.5825309753417969, 0.9616069793701172, -0.7769359946250916, 0.833361029624939, -0.7806600332260132, 0.8354789614677429]"
../ShapeDatabase_INFOMR/RoundTable/D00094.obj,RoundTable,12414,24720,"(24720, 0)","[-0.7352839708328247, 0.41731101274490356, -0.5488830208778381, 0.8458240032196045, -0.6564997434616089, 0.628957211971283]"
../ShapeDatabase_INFOMR/RoundTable/D00107.obj,RoundTable,356,904,"(904, 0)","[-0.27663901448249817, 0.8619970083236694, -0.5709699988365173, 0.727171003818512, -0.631141185760498, 0.6879248023033142]"
../ShapeDatabase_INFOMR/Shelf/D00057.obj,Shelf,9850,6900,"(6900, 0)","[-0.956341028213501, 0.7300869822502136, -0.7027689814567566, 0.4623349905014038, -0.30054980516433716, 0.20191819965839386]"
../ShapeDatabase_INFOMR/Shelf/D00074.obj,Shelf,1903,1872,"(1872, 0)","[-0.7583280205726624, 1.0382000207901, -0.6353809833526611, 0.850288987159729, -0.28491124510765076, 0.16007976233959198]"
../ShapeDatabase_INFOMR/Shelf/D00129.obj,Shelf,1207,684,"(684, 0)","[-0.7601349949836731, 0.7635539770126343, -0.7312210202217102, 0.9239770174026489, -0.28033992648124695, 0.19832807779312134]"
../ShapeDatabase_INFOMR/Ship/D00027.obj,Ship,4202,4887,"(4887, 0)","[-0.7018600106239319, 1.030060052871704, -0.40356799960136414, 0.3027620017528534, -0.19686086475849152, 0.18062813580036163]"
../ShapeDatabase_INFOMR/Ship/D00042.obj,Ship,2275,3816,"(3816, 0)","[-1.0025800466537476, 0.9647039771080017, -0.20301899313926697, 0.2557539939880371, -0.4222608804702759, 0.2080051153898239]"
../ShapeDatabase_INFOMR/Ship/D00099.obj,Ship,374,672,"(672, 0)","[-0.9213939905166626, 0.950875997543335, -0.25668901205062866, 0.45070400834083557, -0.11713232845067978, 0.193024680018425]"
../ShapeDatabase_INFOMR/Sign/m1670.obj,Sign,221,217,"(217, 0)","[0.02500000037252903, 0.33560699224472046, 0.02500000037252903, 0.9750000238418579, 0.02495652809739113, 0.06849253177642822]"
../ShapeDatabase_INFOMR/Sign/m1671.obj,Sign,119,113,"(113, 0)","[0.02500000037252903, 0.33883801102638245, 0.02500000037252903, 0.9750000238418579, 0.02495618723332882, 0.07548818737268448]"
../ShapeDatabase_INFOMR/Sign/m1672.obj,Sign,231,299,"(299, 0)","[0.02500000037252903, 0.6707519888877869, 0.02500000037252903, 0.9750000238418579, 0.024943873286247253, 0.11297387629747391]"
../ShapeDatabase_INFOMR/Skyscraper/D00006.obj,Skyscraper,48737,54489,"(54489, 0)","[-0.8654900193214417, 1.060920000076294, -0.38378599286079407, 0.4525339901447296, -0.42778119444847107, 0.325488805770874]"
../ShapeDatabase_INFOMR/Skyscraper/D00058.obj,Skyscraper,73697,53448,"(53448, 0)","[-0.8667309880256653, 0.9662610292434692, -0.31689101457595825, 0.23656199872493744, -0.1856997162103653, 0.2094292789697647]"
../ShapeDatabase_INFOMR/Skyscraper/D00059.obj,Skyscraper,12771,6932,"(6932, 0)","[-0.9211680293083191, 0.9901689887046814, -0.36932700872421265, 0.2657809853553772, -0.3137162923812866, 0.3287107050418854]"
../ShapeDatabase_INFOMR/Spoon/D00014.obj,Spoon,748,4485,"(4485, 0)","[3.419584035873413, 4.279629230499268, 0.8359410166740417, 5.102340221405029, -0.025693008676171303, 0.2781049907207489]"
../ShapeDatabase_INFOMR/Spoon/D00085.obj,Spoon,575,3444,"(3444, 0)","[-1.4221370220184326, 3.045569896697998, 1.32852303981781, 2.2119269371032715, -0.001203034888021648, 0.34873196482658386]"
../ShapeDatabase_INFOMR/Spoon/D00144.obj,Spoon,243,1407,"(1407, 0)","[0.12135600298643112, 0.18604899942874908, 0.3002859950065613, 0.6186460256576538, 0.03196443244814873, 0.05588343366980553]"
../ShapeDatabase_INFOMR/Starship/m1353.obj,Starship,2124,4147,"(4147, 0)","[0.02500000037252903, 0.4899879992008209, 0.02500000037252903, 0.9750000238418579, 0.024942463263869286, 0.3360484540462494]"
../ShapeDatabase_INFOMR/Starship/m1354.obj,Starship,5724,11368,"(11368, 0)","[0.02500000037252903, 0.9750000238418579, 0.02500000037252903, 0.27981099486351013, 0.024943843483924866, 0.5048218369483948]"
../ShapeDatabase_INFOMR/Starship/m1355.obj,Starship,7730,13354,"(13354, 0)","[0.02500000037252903, 0.8592519760131836, 0.02500000037252903, 0.9750000238418579, 0.024930424988269806, 0.3279414176940918]"
../ShapeDatabase_INFOMR/SubmachineGun/D00052.obj,SubmachineGun,2258,4275,"(4275, 0)","[-1.0699599981307983, 0.6012250185012817, -0.3136740028858185, 0.4601919949054718, -0.09158099442720413, 0.13326899707317352]"
../ShapeDatabase_INFOMR/SubmachineGun/D00060.obj,SubmachineGun,577,1014,"(1014, 0)","[-0.9093520045280457, 1.055359959602356, -0.1953119933605194, 0.31678900122642517, -0.06019364669919014, 0.03238435462117195]"
../ShapeDatabase_INFOMR/SubmachineGun/D00062.obj,SubmachineGun,2291,2964,"(2964, 0)","[-0.6681789755821228, 0.9554359912872314, -0.26220598816871643, 0.3341990113258362, -0.09839585423469543, 0.10716114938259125]"
../ShapeDatabase_INFOMR/Sword/D00066.obj,Sword,18993,21764,"(21764, 0)","[-1.1684000492095947, 0.36557599902153015, -0.16746799647808075, 0.1493930071592331, -0.046792592853307724, 0.040152408182621]"
../ShapeDatabase_INFOMR/Sword/D00071.obj,Sword,10920,21800,"(21800, 0)","[-1.2506400346755981, 0.37005001306533813, -0.36844000220298767, 0.21272100508213043, -0.039490263909101486, 0.04653973877429962]"
../ShapeDatabase_INFOMR/Sword/D00133.obj,Sword,13257,26446,"(26446, 0)","[-0.3141170144081116, 1.0751899480819702, -0.17997999489307404, 0.18902599811553955, -0.0834740549325943, 0.07986294478178024]"
../ShapeDatabase_INFOMR/Tool/D01003.obj,Tool,3963,7922,"(7922, 0)","[-0.6221209764480591, 0.5654810070991516, -0.07923900336027145, 0.07778599858283997, -0.9319568276405334, 0.8082771897315979]"
../ShapeDatabase_INFOMR/Tool/D01012.obj,Tool,4463,8922,"(8922, 0)","[-0.6004610061645508, 0.6100500226020813, -0.080424003303051, 0.08709800243377686, -0.9821189641952515, 0.878665030002594]"
../ShapeDatabase_INFOMR/Tool/D01040.obj,Tool,4794,9584,"(9584, 0)","[-0.741894006729126, 0.5139219760894775, -0.07958000153303146, 0.08422499895095825, -0.9602457880973816, 0.8540881872177124]"
../ShapeDatabase_INFOMR/Train/D01008.obj,Train,4469,25020,"(25020, 0)","[-74.64640045166016, -68.88030242919922, 18.600500106811523, 26.309099197387695, 1.1825579404830933, 4.870197772979736]"
../ShapeDatabase_INFOMR/Train/D01014.obj,Train,4274,33993,"(33993, 0)","[-27.286500930786133, 18.22450065612793, 0.0, 3.5560500621795654, -0.001826077001169324, 5.713433742523193]"
../ShapeDatabase_INFOMR/Train/D01016.obj,Train,7754,32214,"(32214, 0)","[-0.00634999992325902, 3.244849920272827, -3.507874011993408, 42.212127685546875, -0.10339312255382538, 4.719099998474121]"
../ShapeDatabase_INFOMR/Tree/D00096.obj,Tree,54223,36512,"(36512, 0)","[-0.6713560223579407, 1.188670039176941, -0.3733989894390106, 0.3592270016670227, -0.3344046473503113, 0.36234134435653687]"
../ShapeDatabase_INFOMR/Tree/D00200.obj,Tree,19368,10908,"(10908, 0)","[-0.7402499914169312, 0.8557050228118896, -0.3845770061016083, 0.4015809893608093, -0.39974990487098694, 0.36545509099960327]"
../ShapeDatabase_INFOMR/Tree/D00221.obj,Tree,49630,51077,"(51077, 0)","[-0.8317739963531494, 0.7030979990959167, -0.7882050275802612, 0.8013970255851746, -0.7277799248695374, 0.8563520312309265]"
../ShapeDatabase_INFOMR/Truck/D00002.obj,Truck,482,2520,"(2520, 0)","[2.6790060997009277, 8.419631004333496, -0.8995109796524048, 1.4225319623947144, -0.02765871211886406, 1.8610292673110962]"
../ShapeDatabase_INFOMR/Truck/D00003.obj,Truck,6683,37098,"(37098, 0)","[0.3340170085430145, 3.092600107192993, -0.829617977142334, 6.455039978027344, -0.018940720707178116, 2.97941517829895]"
../ShapeDatabase_INFOMR/Truck/D00010.obj,Truck,6939,38910,"(38910, 0)","[7.221640110015869, 10.900400161743164, 13.397199630737305, 24.312000274658203, -0.28060662746429443, 3.6845314502716064]"
../ShapeDatabase_INFOMR/TruckNonContainer/D00055.obj,TruckNonContainer,7636,45843,"(45843, 0)","[0.0, 2.548206090927124, 0.0, 5.852849960327148, -0.0004052990989293903, 3.757511615753174]"
../ShapeDatabase_INFOMR/TruckNonContainer/D00143.obj,TruckNonContainer,3622,30261,"(30261, 0)","[0.9750099778175354, 5.282350063323975, 6.848130226135254, 8.747859954833984, -0.004167336039245129, 3.1588375568389893]"
../ShapeDatabase_INFOMR/TruckNonContainer/D00148.obj,TruckNonContainer,2448,14064,"(14064, 0)","[2.858733892440796, 4.643761157989502, 9.622424125671387, 14.173539161682129, 0.006842880044132471, 2.01430082321167]"
../ShapeDatabase_INFOMR/Vase/m527.obj,Vase,176,348,"(348, 0)","[0.02500000037252903, 0.9750000238418579, 0.02500000037252903, 0.9750000238418579, 0.024904999881982803, 0.9749050140380859]"
../ShapeDatabase_INFOMR/Vase/m528.obj,Vase,3128,6132,"(6132, 0)","[0.02500000037252903, 0.4042989909648895, 0.02500000037252903, 0.35588300228118896, 0.024944661185145378, 0.9749446511268616]"
../ShapeDatabase_INFOMR/Vase/m529.obj,Vase,1750,3121,"(3121, 0)","[0.02500000037252903, 0.9706419706344604, 0.02500000037252903, 0.6504499912261963, 0.024915963411331177, 0.9749159812927246]"
../ShapeDatabase_INFOMR/Violin/D00108.obj,Violin,1529,8214,"(8214, 0)","[2.687619924545288, 4.7081298828125, -2.4687299728393555, 3.1091699600219727, 0.4835977554321289, 1.0825268030166626]"
../ShapeDatabase_INFOMR/Violin/D00216.obj,Violin,3864,24384,"(24384, 0)","[0.22086100280284882, 0.42876699566841125, -0.2596780061721802, -0.14730900526046753, 0.13355566561222076, 0.7234606742858887]"
../ShapeDatabase_INFOMR/Violin/D00250.obj,Violin,4066,29310,"(29310, 0)","[-0.17854000627994537, 0.431318998336792, 0.12051700055599213, 0.19607900083065033, 0.06247403845191002, 0.2699442505836487]"
../ShapeDatabase_INFOMR/Wheel/m733.obj,Wheel,648,1296,"(1296, 0)","[0.02500000037252903, 0.9709479808807373, 0.02500000037252903, 0.9750000238418579, 0.024923034012317657, 0.4379660189151764]"
../ShapeDatabase_INFOMR/Wheel/m734.obj,Wheel,1396,1816,"(1816, 0)","[0.02500000037252903, 0.203916996717453, 0.02500000037252903, 0.9750000238418579, 0.02493087574839592, 0.9697248935699463]"
../ShapeDatabase_INFOMR/Wheel/m735.obj,Wheel,720,1400,"(1400, 0)","[0.02500000037252903, 0.9750000238418579, 0.02500000037252903, 0.9750000238418579, 0.024933716282248497, 0.11345071345567703]"
../ShapeDatabase_INFOMR/WheelChair/D00004.obj,WheelChair,27581,47752,"(47752, 0)","[-0.5391849875450134, 1.246019959449768, -0.39583900570869446, 0.4359849989414215, -0.41101863980293274, 0.3809683620929718]"
../ShapeDatabase_INFOMR/WheelChair/D00070.obj,WheelChair,8476,16832,"(16832, 0)","[-1.2667800188064575, 0.6722639799118042, -0.6564059853553772, 0.5257350206375122, -0.6786210536956787, 0.5518619418144226]"
../ShapeDatabase_INFOMR/WheelChair/D00088.obj,WheelChair,26911,53400,"(53400, 0)","[-0.8608180284500122, 0.8826339840888977, -0.5691900253295898, 0.42528200149536133, -0.6678314805030823, 0.44925451278686523]"
